,date,cases,deaths
0,1/22/20,1,1
1,1/23/20,1,1
2,1/24/20,2,1
3,1/25/20,2,1
4,1/26/20,5,1
5,1/27/20,5,1
6,1/28/20,5,1
7,1/29/20,6,1
8,1/30/20,6,1
9,1/31/20,8,1
10,2/1/20,8,1
11,2/2/20,8,1
12,2/3/20,11,1
13,2/4/20,11,1
14,2/5/20,11,1
15,2/6/20,12,1
16,2/7/20,12,1
17,2/8/20,12,1
18,2/9/20,12,1
19,2/10/20,12,1
20,2/11/20,13,1
21,2/12/20,13,1
22,2/13/20,14,1
23,2/14/20,14,1
24,2/15/20,14,1
25,2/16/20,14,1
26,2/17/20,14,1
27,2/18/20,14,1
28,2/19/20,14,1
29,2/20/20,14,1
30,2/21/20,16,1
31,2/22/20,16,1
32,2/23/20,16,1
33,2/24/20,16,1
34,2/25/20,16,1
35,2/26/20,16,1
36,2/27/20,17,1
37,2/28/20,17,1
38,2/29/20,25,2
39,3/1/20,32,2
40,3/2/20,55,7
41,3/3/20,75,8
42,3/4/20,108,12
43,3/5/20,185,13
44,3/6/20,238,15
45,3/7/20,404,18
46,3/8/20,520,22
47,3/9/20,595,23
48,3/10/20,783,29
49,3/11/20,1151,34
50,3/12/20,1591,44
51,3/13/20,2224,52
52,3/14/20,2989,60
53,3/15/20,3233,72
54,3/16/20,4691,99
55,3/17/20,6533,137
56,3/18/20,9194,198
57,3/19/20,13689,271
58,3/20/20,20063,379
59,3/21/20,26072,481
60,3/22/20,34898,597
61,3/23/20,46136,789
62,3/24/20,56755,1032
63,3/25/20,68837,1365
64,3/26/20,86693,1784
65,3/27/20,105383,2306
66,3/28/20,125013,2948
67,3/29/20,143912,3572
68,3/30/20,165987,4285
69,3/31/20,192301,5370
70,4/1/20,224560,6653
71,4/2/20,256792,8165
72,4/3/20,289087,9596
73,4/4/20,321477,11159
74,4/5/20,351354,12774
75,4/6/20,382747,14545
76,4/7/20,413516,17120
77,4/8/20,444731,19280
78,4/9/20,480667,21483
79,4/10/20,515081,23677
80,4/11/20,544183,25804
81,4/12/20,571440,27678
82,4/13/20,598380,29687
83,4/14/20,627205,32122
84,4/15/20,652611,34734
85,4/16/20,682626,36877
86,4/17/20,715656,38987
87,4/18/20,743588,40960
88,4/19/20,769684,42931
89,4/20/20,799512,45161
90,4/21/20,825429,47675
91,4/22/20,854288,50135
92,4/23/20,887858,52591
93,4/24/20,920185,54779
94,4/25/20,950581,56490
95,4/26/20,977082,57889
96,4/27/20,1000785,59397
97,4/28/20,1025362,61621
98,4/29/20,1051800,64039
99,4/30/20,1081020,66235
100,5/1/20,1115946,68144
101,5/2/20,1143296,69875
102,5/3/20,1167593,71065
103,5/4/20,1191678,72445
104,5/5/20,1216209,74687
105,5/6/20,1240769,77001
106,5/7/20,1268180,78930
107,5/8/20,1295019,80693
108,5/9/20,1320155,82161
109,5/10/20,1339022,83139
110,5/11/20,1358293,84181
111,5/12/20,1381241,85780
112,5/13/20,1401649,87507
113,5/14/20,1428467,89303
114,5/15/20,1453214,90971
115,5/16/20,1477373,92169
116,5/17/20,1495736,92990
117,5/18/20,1518126,94217
118,5/19/20,1539133,95673
119,5/20/20,1561830,97174
120,5/21/20,1587596,98359
121,5/22/20,1611253,99576
122,5/23/20,1632364,100666
123,5/24/20,1652431,101305
124,5/25/20,1671104,101897
125,5/26/20,1690754,102574
126,5/27/20,1709303,104037
127,5/28/20,1731625,105138
128,5/29/20,1756098,106271
129,5/30/20,1779731,107225
130,5/31/20,1798718,107840
131,6/1/20,1816154,108616
132,6/2/20,1837656,109597
133,6/3/20,1857511,110607
134,6/4/20,1879150,111620
135,6/5/20,1904550,112511
136,6/6/20,1925710,113153
137,6/7/20,1943626,113612
138,6/8/20,1961263,114119
139,6/9/20,1979647,115032
140,6/10/20,2000757,115908
141,6/11/20,2023890,116738
142,6/12/20,2048756,117567
143,6/13/20,2073964,118302
144,6/14/20,2092912,118647
145,6/15/20,2112731,119043
146,6/16/20,2136401,119857
147,6/17/20,2163465,120596
148,6/18/20,2191991,121285
149,6/19/20,2223553,121914
150,6/20/20,2255823,122473
151,6/21/20,2280971,122790
152,6/22/20,2313123,123197
153,6/23/20,2350198,123945
154,6/24/20,2386074,124682
155,6/25/20,2426391,125219
156,6/26/20,2472385,125848
157,6/27/20,2513731,126351
158,6/28/20,2554461,126669
159,6/29/20,2595744,127054
160,6/30/20,2642174,127607
161,7/1/20,2693993,128311
162,7/2/20,2750622,129024
163,7/3/20,2801983,129694
164,7/4/20,2847664,130009
165,7/5/20,2898432,130335
166,7/6/20,2941517,130711
167,7/7/20,3002171,131873
168,7/8/20,3062290,132698
169,7/9/20,3124786,133718
170,7/10/20,3192841,134535
171,7/11/20,3252874,135263
172,7/12/20,3311312,135735
173,7/13/20,3370208,136180
174,7/14/20,3438244,137108
175,7/15/20,3506364,138083
176,7/16/20,3582184,139039
177,7/17/20,3654445,139963
178,7/18/20,3716980,140820
179,7/19/20,3777456,141303
180,7/20/20,3839546,141866
181,7/21/20,3904066,142957
182,7/22/20,3974630,144181
183,7/23/20,4043070,145251
184,7/24/20,4116393,146358
185,7/25/20,4181308,147288
186,7/26/20,4236083,147819
187,7/27/20,4292934,148945
188,7/28/20,4359391,150275
189,7/29/20,4431244,151689
190,7/30/20,4498701,152920
191,7/31/20,4567420,154157
192,8/1/20,4623604,155250
193,8/2/20,4669149,155687
194,8/3/20,4714678,156268
195,8/4/20,4773479,157550
196,8/5/20,4827936,158988
197,8/6/20,4887293,160232
198,8/7/20,4946590,161469
199,8/8/20,5000709,162547
200,8/9/20,5046463,163071
201,8/10/20,5094087,163706
202,8/11/20,5142088,164726
203,8/12/20,5198137,166225
204,8/13/20,5249451,167292
205,8/14/20,5314791,168629
206,8/15/20,5361712,169629
207,8/16/20,5400904,170246
208,8/17/20,5437580,170739
209,8/18/20,5482614,171965
210,8/19/20,5529973,173304
211,8/20/20,5574013,174407
212,8/21/20,5622842,175498
213,8/22/20,5665887,176407
214,8/23/20,5700119,176952
215,8/24/20,5736641,177425
216,8/25/20,5777001,178661
217,8/26/20,5822167,179827
218,8/27/20,5867547,180943
219,8/28/20,5914395,181920
220,8/29/20,5957126,182822
221,8/30/20,5991507,183276
222,8/31/20,6026895,183818
223,9/1/20,6068759,184846
224,9/2/20,6109773,185925
225,9/3/20,6153983,186962
226,9/4/20,6204376,187920
227,9/5/20,6247464,188682
228,9/6/20,6278633,189152
229,9/7/20,6302200,189448
230,9/8/20,6329593,189900
231,9/9/20,6363650,191060
232,9/10/20,6399723,191976
233,9/11/20,6447501,193150
234,9/12/20,6488563,193852
235,9/13/20,6522914,194287
236,9/14/20,6557342,194718
237,9/15/20,6596849,195918
238,9/16/20,6635867,196874
239,9/17/20,6681004,197735
240,9/18/20,6730288,198631
241,9/19/20,6772447,199363
242,9/20/20,6810862,199628
243,9/21/20,6862834,200055
244,9/22/20,6902696,201087
245,9/23/20,6941758,202143
246,9/24/20,6988869,203040
247,9/25/20,7037151,203984
248,9/26/20,7081803,204752
249,9/27/20,7119311,205067
250,9/28/20,7152546,205425
251,9/29/20,7195994,206259
252,9/30/20,7235428,207217
253,10/1/20,7281081,208090
254,10/2/20,7336043,208950
255,10/3/20,7384578,209634
256,10/4/20,7420293,210015
257,10/5/20,7459742,210495
258,10/6/20,7504998,211181
259,10/7/20,7556060,212108
260,10/8/20,7614653,213097
261,10/9/20,7671034,214065
262,10/10/20,7725952,214723
263,10/11/20,7771893,215194
264,10/12/20,7813735,215588
265,10/13/20,7865983,216384
266,10/14/20,7925748,217374
267,10/15/20,7990636,218223
268,10/16/20,8059782,219160
269,10/17/20,8116518,219922
270,10/18/20,8165858,220415
271,10/19/20,8233610,220894
272,10/20/20,8295581,221818
273,10/21/20,8358864,222939
274,10/22/20,8435164,223853
275,10/23/20,8517113,224820
276,10/24/20,8599842,225771
277,10/25/20,8661982,226233
278,10/26/20,8729385,226766
279,10/27/20,8806228,227739
280,10/28/20,8885632,228774
281,10/29/20,8976684,229778
282,10/30/20,9075924,230839
283,10/31/20,9165619,231749
284,11/1/20,9270467,232245
285,11/2/20,9355775,232818
286,11/3/20,9482891,234396
287,11/4/20,9587499,235511
288,11/5/20,9716853,236667
289,11/6/20,9844858,237906
290,11/7/20,9972308,238987
291,11/8/20,10087380,239559
292,11/9/20,10207953,240338
293,11/10/20,10348449,241756
294,11/11/20,10495075,243192
295,11/12/20,10659914,244396
296,11/13/20,10840303,245596
297,11/14/20,11008064,246943
298,11/15/20,11144288,247720
299,11/16/20,11307233,248549
300,11/17/20,11471155,250270
301,11/18/20,11644332,252189
302,11/19/20,11835880,254242
303,11/20/20,12034177,256199
304,11/21/20,12213451,257818
305,11/22/20,12360235,258851
306,11/23/20,12534684,259951
307,11/24/20,12710198,262080
308,11/25/20,12893485,264343
309,11/26/20,13005807,265728
310,11/27/20,13213995,267277
311,11/28/20,13369528,268638
312,11/29/20,13509762,269674
313,11/30/20,13670332,271020
314,12/1/20,13858551,273566
315,12/2/20,14061108,276381
316,12/3/20,14284721,279337
317,12/4/20,14517506,282036
318,12/5/20,14733048,284390
319,12/6/20,14914060,285736
320,12/7/20,15108918,287342
321,12/8/20,15333410,289963
322,12/9/20,15555949,293146
323,12/10/20,15787464,296141
324,12/11/20,16027441,299559
325,12/12/20,16245026,302021
326,12/13/20,16432729,303649
327,12/14/20,16627550,305301
328,12/15/20,16836556,308420
329,12/16/20,17083256,312084
330,12/17/20,17322981,315586
331,12/18/20,17574950,318554
332,12/19/20,17766856,321210
333,12/20/20,17954675,322925
334,12/21/20,18153724,324845
335,12/22/20,18351735,328244
336,12/23/20,18581353,331665
337,12/24/20,18775557,334573
338,12/25/20,18873203,336001
339,12/26/20,19099491,337886
340,12/27/20,19255126,339313
341,12/28/20,19429760,341317
342,12/29/20,19630012,344950
343,12/30/20,19863696,348683
344,12/31/20,20099363,352163
345,1/1/21,20252991,354313
346,1/2/21,20553301,356821
347,1/3/21,20762047,358268
348,1/4/21,20946329,360362
349,1/5/21,21181440,364077
350,1/6/21,21436884,368004
351,1/7/21,21715174,371992
352,1/8/21,22010389,376100
353,1/9/21,22271084,379422
354,1/10/21,22484332,381422
355,1/11/21,22699326,383526
356,1/12/21,22926246,388001
357,1/13/21,23156608,392032
358,1/14/21,23392315,396020
359,1/15/21,23635046,399913
360,1/16/21,23836726,403317
361,1/17/21,24014508,405216
362,1/18/21,24157924,406751
363,1/19/21,24334630,409484
364,1/20/21,24517866,413892
365,1/21/21,24711684,418097
366,1/22/21,24902437,421944
367,1/23/21,25073050,425289
368,1/24/21,25204112,427188
369,1/25/21,25356081,429165
370,1/26/21,25503621,433173
371,1/27/21,25657566,437134
372,1/28/21,25826176,441173
373,1/29/21,25992744,444808
374,1/30/21,26135056,447594
375,1/31/21,26247053,449448
376,2/1/21,26382255,451515
377,2/2/21,26497588,454945
378,2/3/21,26619229,458852
379,2/4/21,26743204,462589
380,2/5/21,26877601,466277
381,2/6/21,26981588,468918
382,2/7/21,27071236,470355
383,2/8/21,27161551,471972
384,2/9/21,27257183,475047
385,2/10/21,27352360,478357
386,2/11/21,27458120,481565
387,2/12/21,27557758,484494
388,2/13/21,27644880,486692
389,2/14/21,27709901,487853
390,2/15/21,27764087,488812
391,2/16/21,27826806,490562
392,2/17/21,27896924,492968
393,2/18/21,27966848,495487
394,2/19/21,28046145,498118
395,2/20/21,28117670,499936
396,2/21/21,28174750,501185
397,2/22/21,28230970,502508
398,2/23/21,28303233,504782
399,2/24/21,28377965,507961
400,2/25/21,28455466,510407
401,2/26/21,28532812,512475
402,2/27/21,28597387,513990
403,2/28/21,28648744,515084
404,3/1/21,28706973,516606
405,3/2/21,28764033,518556
406,3/3/21,28831226,521047
407,3/4/21,28899277,522985
408,3/5/21,28965728,524770
409,3/6/21,29023931,526276
410,3/7/21,29064938,526974
411,3/8/21,29109974,527714
412,3/9/21,29167616,529521
413,3/10/21,29225536,531094
414,3/11/21,29288010,532663
415,3/12/21,29349533,534234
416,3/13/21,29402465,535232
417,3/14/21,29440686,535813
418,3/15/21,29497352,536570
419,3/16/21,29551309,537749
420,3/17/21,29610445,538984
421,3/18/21,29670983,540650
422,3/19/21,29732612,541799
423,3/20/21,29787986,542543
424,3/21/21,29821754,542983
425,3/22/21,29873347,543703
426,3/23/21,29926950,544580
427,3/24/21,30013910,546093
428,3/25/21,30081375,547504
429,3/26/21,30158696,548659
430,3/27/21,30221396,549447
431,3/28/21,30264493,549970
432,3/29/21,30333922,550683
433,3/30/21,30395171,551570
434,3/31/21,30462210,552661
435,4/1/21,30541255,553739
436,4/2/21,30611086,554692
437,4/3/21,30674153,555429
438,4/4/21,30709125,555723
439,4/5/21,30786804,556242
440,4/6/21,30847348,557103
441,4/7/21,30922386,559696
442,4/8/21,31002264,560719
443,4/9/21,31084962,561608
444,4/10/21,31151497,562325
445,4/11/21,31197877,562626
446,4/12/21,31268107,563103
447,4/13/21,31345985,563936
448,4/14/21,31421360,564910
449,4/15/21,31495649,565810
450,4/16/21,31575640,566682
451,4/17/21,31628013,567375
452,4/18/21,31670031,567710
453,4/19/21,31737964,568211
454,4/20/21,31799237,569048
455,4/21/21,31862094,569908
456,4/22/21,31929351,570867
457,4/23/21,31991750,571645
458,4/24/21,32045113,572387
459,4/25/21,32077178,572677
460,4/26/21,32124869,573167
461,4/27/21,32175725,573818
462,4/28/21,32230850,574787
463,4/29/21,32289049,575654
464,4/30/21,32346971,576397
465,5/1/21,32392274,577116
466,5/2/21,32421641,577452
467,5/3/21,32472201,577944
468,5/4/21,32512934,578822
469,5/5/21,32557669,579603
470,5/6/21,32605183,580398
471,5/7/21,32652472,581154
472,5/8/21,32686965,581771
473,5/9/21,32708357,582013
474,5/10/21,32745255,582414
475,5/11/21,32778906,583091
476,5/12/21,32814784,583942
477,5/13/21,32852871,584748
478,5/14/21,32895169,585407
479,5/15/21,32923982,585884
480,5/16/21,32940846,586147
481,5/17/21,32969512,586540
482,5/18/21,32997331,587300
483,5/19/21,33026624,587955
484,5/20/21,33056765,588620
485,5/21/21,33085106,589223
486,5/22/21,33104884,589703
487,5/23/21,33117737,589893
488,5/24/21,33143662,590320
489,5/25/21,33166418,590941
490,5/26/21,33190470,591950
491,5/27/21,33217995,593288
492,5/28/21,33239963,593963
493,5/29/21,33251939,594306
